"","dist_hf","dist_UC"
"media",6.43687398235026,11.7226091132026
"sd1",4.79460252518743,6.7346431663296
