"","Estimate","Std. Error","z value","Pr(>|z|)"
"(Intercept)",-0.233733892680095,0.0568500503299053,-4.11141047938777,3.93249347643973e-05
"dist_hf",0.47266168481186,0.0669505282982081,7.05986490064053,1.66664561455174e-12
"dist_UC",0.502977392814114,0.0649334616617581,7.7460431023091,9.48003426490357e-15
"dist_hf:dist_UC",-0.125044530127154,0.0566761151794338,-2.20630030359825,0.0273629801493613
