"nhf","x","y"
1,10.1009212237235,6.1046226827615
2,9.02322073212208,3.41897615581517
2,10.5968356113738,9.91856135485538
3,8.7108925855937,3.24509589890361
3,11.9288383840789,8.58570204789881
3,7.72259052166474,11.6304074071457
