"nhf","x","y"
1,10.1009212237235,6.1046226827615
2,9.02322073212515,3.41897615581438
2,10.5968356113817,9.91856135484709
3,8.71103972723945,3.24513285385932
3,11.9288360956298,8.58582841899968
3,7.72228795585328,11.6304288741045
