"(Intercept)","Dist_HF","wealth","Dist_HF:wealth"
-0.155932662658838,1.45004194844157,-2.85693026506353,2.00838505121798
