"nhf","x","y"
1,0.607449111038777,0.324670012742569
2,0.481014081056448,0.203132522714527
2,0.746350085874421,0.554091416505888
3,0.347916482578216,0.217099863486151
3,0.694059747310585,0.241814326493805
3,0.739468451295073,0.629372507792382
